{"global_step": 725632, "_timestamp": 1698302314.2528148, "test/env_step": 0.0, "test/reward": 429.0769348144531, "test/length": 150.0, "test/reward_std": 474.0344543457031, "test/length_std": 0.0, "_runtime": 10286.030566692352, "_step": 1283, "update/loss/actor": -369689853952.0, "update/loss/critic1": 2.107440164592119e+21, "update/loss/critic2": 1.8801358915743588e+21, "train/episode": 1.0, "train/reward": 797.2100830078125, "train/length": 150.0}