{"global_step": 0, "_timestamp": 1698237077.314971, "test/env_step": 0.0, "test/reward": -202.45680236816406, "test/length": 54.0, "test/reward_std": 135.99844360351562, "test/length_std": 2.0, "_runtime": 11.268996953964233, "_step": 0}