{"global_step": 8999, "_timestamp": 1698290380.2872515, "test/env_step": 0.0, "test/reward": 335.7917785644531, "test/length": 100.30000305175781, "test/reward_std": 345.84423828125, "test/length_std": 19.74867057800293, "_runtime": 144.78022050857544, "_step": 14, "train/episode": 2.0, "train/reward": -297.892822265625, "train/length": 150.0, "update/loss/actor": -824.0562133789062, "update/loss/critic1": 1278.7330322265625, "update/loss/critic2": 1267.511962890625}