{"global_step": 0, "_timestamp": 1698235544.6418798, "test/env_step": 0.0, "test/reward": -222.3534698486328, "test/length": 61.5, "test/reward_std": 101.68895721435547, "test/length_std": 4.5, "_runtime": 86.23671174049377, "_step": 0}