{"global_step": 0, "_timestamp": 1698236970.8215156, "test/env_step": 0.0, "test/reward": -188.60110473632812, "test/length": 56.5, "test/reward_std": 125.06918334960938, "test/length_std": 3.5, "_runtime": 11.660048484802246, "_step": 0}