{"global_step": 0, "_timestamp": 1698237280.3304632, "test/env_step": 0.0, "test/reward": -197.78326416015625, "test/length": 47.5, "test/reward_std": 135.02967834472656, "test/length_std": 1.5, "_runtime": 27.519424200057983, "_step": 0}