{"global_step": 0, "_timestamp": 1698290160.7721932, "test/env_step": 0.0, "test/reward": -4.460819244384766, "test/length": 70.9000015258789, "test/reward_std": 194.72601318359375, "test/length_std": 15.744523048400879, "_runtime": 9.222154140472412, "_step": 0}