{"global_step": 0, "_timestamp": 1698235773.923177, "test/env_step": 0.0, "test/reward": -193.32798767089844, "test/length": 52.5, "test/reward_std": 144.1214599609375, "test/length_std": 3.5, "_runtime": 11.53432297706604, "_step": 0}