{"eval/rollout_video": {"_type": "video-file", "sha256": "5bbcdc467d71375cab106b3ff3cc3ab2ec8c092e426f5ba6f0d57b2ac8f78f94", "size": 55484, "path": "media/videos/eval/rollout_video_0_5bbcdc467d71375cab10.mp4"}, "_timestamp": 1698115798.6948235, "_runtime": 550.3859205245972, "_step": 9, "global_step": 131072, "eval/mean_length": 47.5, "eval/mean_reward": -281.4070739746094, "eval/mean_rwd_act_reg": -0.06358905136585236, "eval/mean_rwd_dense": -211.44540405273438, "eval/mean_rwd_done": 1.0, "eval/mean_rwd_drop": 1.0, "eval/mean_rwd_keep_time": 1.024999976158142, "eval/mean_rwd_pos_dist": -0.14447671175003052, "eval/mean_rwd_pos_err": 0.07958608865737915, "eval/mean_rwd_reach_err": 0.14722436666488647, "eval/mean_rwd_rot_dist": 0.8393431305885315, "eval/mean_rwd_rot_err": 0.019676189869642258, "eval/mean_rwd_solved": 0.0, "eval/mean_rwd_sparse": -4.0607500076293945, "eval/mean_time": 0.4749999940395355, "eval/time": 228.4457550048828, "rollout/ep_len_mean": 47.04999923706055, "rollout/ep_rew_mean": -266.7353210449219, "time/fps": 266.0, "train/approx_kl": 0.0003040577284991741, "train/clip_fraction": 0.0, "train/clip_range": 0.20000000298023224, "train/entropy_loss": -89.40179443359375, "train/explained_variance": 0.5863131284713745, "train/learning_rate": 9.999999747378752e-06, "train/loss": 0.08042032271623611, "train/policy_gradient_loss": -0.0022247571032494307, "train/std": 1.0000985860824585, "train/value_loss": 0.20387914776802063}