{"global_step": 0, "_timestamp": 1698237655.5230994, "test/env_step": 0.0, "test/reward": -158.67959594726562, "test/length": 55.5, "test/reward_std": 103.4880599975586, "test/length_std": 5.5, "_runtime": 7.807189464569092, "_step": 0}