{"eval/rollout_video": {"_type": "video-file", "sha256": "ed6397ee19f1e2d28394e1c92a80ad6d7e915adebb3ccdf1318fc46a650ce1df", "size": 88207, "path": "media/videos/eval/rollout_video_0_ed6397ee19f1e2d28394.mp4"}, "_timestamp": 1698304592.9420106, "_runtime": 972.3053715229034, "_step": 390, "global_step": 99584, "eval/mean_TimeLimit.truncated": 1.0, "eval/mean_length": 115.30000305175781, "eval/mean_reward": 6025.8115234375, "eval/mean_rwd_act_reg": -0.0685579851269722, "eval/mean_rwd_dense": -21.091062545776367, "eval/mean_rwd_done": 0.4000000059604645, "eval/mean_rwd_drop": 1.0, "eval/mean_rwd_keep_time": 0.34700000286102295, "eval/mean_rwd_pos_dist": 0.6206414699554443, "eval/mean_rwd_pos_err": -0.017197052016854286, "eval/mean_rwd_reach_err": 0.030928678810596466, "eval/mean_rwd_rot_dist": 0.038078296929597855, "eval/mean_rwd_rot_err": 0.2017214596271515, "eval/mean_rwd_solved": 0.4000000059604645, "eval/mean_rwd_sparse": -3.820718765258789, "eval/mean_time": 1.152999997138977, "eval/time": 647.1358032226562, "time/fps": 108.0, "rollout/ep_len_mean": 121.58999633789062, "rollout/ep_rew_mean": 8913.765625, "train/approx_kl": 0.013247128576040268, "train/clip_fraction": 0.06093750149011612, "train/clip_range": 0.20000000298023224, "train/entropy_loss": -14.808248519897461, "train/explained_variance": 0.9228513240814209, "train/learning_rate": 9.999999747378752e-06, "train/loss": 0.23276516795158386, "train/policy_gradient_loss": -0.030319344252347946, "train/std": 0.3091180622577667, "train/value_loss": 0.6069221496582031}